<?xml version="1.0" encoding="UTF-8"?>
<!DOCTYPE mapper PUBLIC "-//mybatis.org//DTD Mapper 3.0//EN" "http://mybatis.org/dtd/mybatis-3-mapper.dtd">

<mapper namespace="com.three.cucumber.service.dao.AlarmDAO">
	<insert id="insertAlQna">
		insert into alarm values(alarmseq.nextval, #{alarmMem}, #{alarmPost},  #{alarmContent}, #{alarmType})
	</insert>
	<select id="getChatAlCnt" resultType="_int">
		select count(*) from alarm where postId = #{alarmPost} and alarmtype='chat' and memid=#{alarmMem}
	</select>
	<delete id="delBuyAl">
		delete from alarm where postId=#{buyId} and alarmtype='buy'
	</delete>
	<delete id="delChatAl">
		delete from alarm where postId=#{alarmPost} and alarmtype='chat' and memid=#{alarmMem}
	</delete>
	<select id="getMeetAlCnt" resultType="_int">
		select count(*) from alarm where postId=#{alarmPost} and alarmtype='meet' and memid=#{alarmMem}
	</select>
	<update id="upMeetAl">
		update alarm set alarmcontent = #{alarmContent} where postId=#{alarmPost} and alarmtype='meet' and memid=#{alarmMem}
	</update>
	<select id="getAllAl" resultType="alarmVO">
		select * from alarm where memid=#{memId} order by alarmid desc
	</select>
	<delete id="delAllAl">
		delete from alarm where memid=#{memId}
	</delete>
	<delete id="delAl">
		delete from alarm where alarmid = #{alarmId}
	</delete>
</mapper>