<?xml version="1.0" encoding="UTF-8"?>
<!DOCTYPE mapper PUBLIC "-//mybatis.org//DTD Mapper 3.0//EN" "http://mybatis.org/dtd/mybatis-3-mapper.dtd">

<mapper namespace="com.three.cucumber.service.dao.BlockDAO">
	<select id="blockCh" resultType="_int">
		select count(*) from block where blocked=#{blocked} and blocker=#{blocker}
	</select>
	<insert id="inBlock">
		insert into block values(blockseq.nextval, #{blocker}, #{blocked})
	</insert>
	<select id="getAllBlock" resultType="blockVO">
		select b.*, m.nick as blockednick from block b, member m where blocker=#{memId} and b.blocked = m.memid
	</select>
	<delete id="delBlock">
		delete from block where blockid=#{blockId}
	</delete>
</mapper>