<?xml version="1.0" encoding="UTF-8"?>
<!DOCTYPE mapper PUBLIC "-//mybatis.org//DTD Mapper 3.0//EN" "http://mybatis.org/dtd/mybatis-3-mapper.dtd">

<mapper namespace="com.three.cucumber.service.dao.PostDAO">
	<select id="getAllCate" resultType="cateVO">
		SELECT cateid, catename FROM cate order by cateid
	</select>
	
	<insert id="insertPost" >
		insert into post(postid,posttitle,cateid,postprice,mainpipath,pipath2,pipath3,postcontent,memId) 
		values(postseq.nextval,#{postTitle},#{cateId},#{postPrice},#{mainPipath},#{pipath2},#{pipath3},#{postContent},#{memId})
	</insert>
	
	<select id="getMemNickPost" resultType="String">
		SELECT nick FROM member WHERE memid = #{memId}
	</select>
	
	<select id="getPostVO" resultType="postVO">
		SELECT * FROM post where postid = #{postId}
	</select>
	
	<update id="updatePost">
		update post set posttitle=#{postTitle}, cateid=#{cateId} ,postprice=#{postPrice}, mainpipath=#{mainPipath},
		postcontent=#{postContent}, poststate = #{postState}
		where postid=#{postId}
	</update>
	
	<update id="updatePipath2">
		update post set pipath2=#{pipath2} where postid=#{postId}
	</update>
	
	<update id="updatePipath3">
		update post set pipath3=#{pipath3} where postid=#{postId}
	</update>
	
	<delete id="deletePost">
		DELETE FROM post WHERE postid=#{postId}
	</delete>
	
	<select id="findTitle" resultType="String"> select posttitle from post where postid=#{postId} </select>
	
	<update id="upPostImgDel2">
		update post set pipath2 = null where postid=#{postId}
	</update>
	<update id="upPostImgDel3">
		update post set pipath3 = null where postid=#{postId}
	</update>
	
	<select id="getAllGraph" resultType="graphVO">
		select * from graph
	</select>
	
	<update id="upGraph">
		update graph set pipath=#{pipath}, upload=to_char(sysdate, 'YYYY-MM-DD') where type=#{type}
	</update>
	
	<select id="getAllDelCate" resultType="cateVO">
		select * from cate where cateid not in (select distinct(cateid) from post)
	</select>
	
	<select id="checkCate" resultType="_int">
		select count(*) from cate where catename = #{cate}
	</select>
	
	<insert id="inCate">
		insert into cate values(cateseq.nextval, #{cateName})
	</insert>
	
	<update id="upCate">
		update cate set catename=#{cateName} where cateid=#{cateId}
	</update>
	
	<delete id="delCate">
		delete from cate where cateid=#{cateId}
	</delete>
</mapper>



<!-- 

post_id number(7),
    primary key(post_id),
    cate_id number(7),
    foreign key(cate_id) references cate(cate_id),
    mem_id number(7),
    foreign key(mem_id) references member(mem_id),
    post_state varchar2(20) default '판매중',
    main_pipath varchar2(40) default null,
    pipath2 varchar2(40) default null,
    pipath3 varchar2(40) default null,
    post_title varchar2(60) default '제목 없음',
    post_price number(10) default 0,
    post_content varchar2(500),
    likey number(7) default 0,
    revcheck varchar2(5) default null,
    post_date date default sysdate, 
    post_view number(7) default 0

 --> 