<?xml version="1.0" encoding="UTF-8"?>
<!DOCTYPE mapper PUBLIC "-//mybatis.org//DTD Mapper 3.0//EN" "http://mybatis.org/dtd/mybatis-3-mapper.dtd">

<mapper namespace="com.three.cucumber.service.dao.ReportContentDAO">
	<select id="getAllRepCon" resultType="repConVO">
		select * from repcontent
	</select>
	
	<select id="checkRepCon" resultType="_int">
		select count(*) from repcontent where repcontent = #{repContent}
	</select>
	
	<insert id="inRepCon">
		insert into repcontent values(repcontentseq.nextval, #{repContent})
	</insert>
	
	<update id="upRepCon">
		update repcontent set repcontent=#{repContent} where repid=#{repId}
	</update>
	
	<delete id="delRepCon">
		delete from repcontent where repid=#{repId}
	</delete>
	
	<select id="delCheck" resultType="_int">
		select count(*) from revreport r, qnareport q, postreport p, chatreport c
		where r.repid = #{repId} or q.repid = #{repId} or p.repid = #{repId} or c.repid = #{repId}
	</select>

</mapper>