<?xml version="1.0" encoding="UTF-8"?>
<!DOCTYPE mapper PUBLIC "-//mybatis.org//DTD Mapper 3.0//EN" "http://mybatis.org/dtd/mybatis-3-mapper.dtd">

<mapper namespace="com.three.cucumber.service.dao.ReportQnaDAO">
	<select id="repQnaCh" resultType="_int">
		select count(*) from qnareport where qnareportmem=#{qnaReportMem} and qnaId=#{qnaId}
	</select>

	<insert id="reportInsertofQna">
		insert into qnareport values(qnareportseq.nextval, #{qnaReportMem}, #{postId},  #{qnaId},#{repId})
	</insert>
	
	<select id="allReportQna" resultType="reportQnaVO">
		select * from qnareport where qnaid=#{qnaId} and postid=#{postId}
	</select>
	
	<select id="getEveryReportQna" resultType="reportQnaVO">
		select distinct(r.qnaid), q.qnacontent, r.postid from qnareport r, qna q where q.qnaid = r.qnaid
	</select>
	
	<select id="getRepConQna" resultType="repConVO">
		select qr.repid, repcontent, count(repcontent) as cnt from qnareport qr, repcontent r
		where qr.repid = r.repid and qnaid=#{qnaId} group by qr.repid, repcontent
	</select>
</mapper>