<?xml version="1.0" encoding="UTF-8"?>
<!DOCTYPE mapper PUBLIC "-//mybatis.org//DTD Mapper 3.0//EN" "http://mybatis.org/dtd/mybatis-3-mapper.dtd">

<mapper namespace="com.three.cucumber.service.dao.ReportPostDAO">
	<select id="repPostCh" resultType="_int">
		select count(*) from postreport where postid=#{postId} and postreportmem=#{postReportMem}
	</select>
	
	<insert id="reportInsertatPost">
		insert into postreport values(postreportseq.nextval, #{postReportMem}, #{postId }, #{repId})
	</insert>
	
	<select id="allReportPost" resultType="reportPostVO">
		select * from postreport where postid = #{postId}
	</select>
	
	<select id="getEveryReportPost" resultType="reportPostVO">
		select distinct(pr.postid), p.posttitle from postreport pr, post p where p.postid = pr.postid
	</select>
	
	<select id="getRepCnt" resultType="repConVO">
		select pr.repid, repcontent, count(repcontent) as cnt from postreport pr, repcontent r
		where pr.repid = r.repid and postid=#{postId} group by pr.repid, repcontent 
	</select>
	
	<delete id="delRepPostByPost">
		delete from postreport where postid=#{postId}
	</delete>
	
	<delete id="delRepPost">
		delete from postreport where postid=#{postId}
	</delete>
</mapper>