<?xml version="1.0" encoding="UTF-8"?>
<!DOCTYPE mapper PUBLIC "-//mybatis.org//DTD Mapper 3.0//EN" "http://mybatis.org/dtd/mybatis-3-mapper.dtd">

<mapper namespace="com.three.cucumber.service.dao.ReportDAO">
	<insert id="insertChatRep">
		insert into chatreport values(chatreportseq.nextval, #{chatReported}, #{chatReporter}, #{chatReportPipath}, #{repId})
	</insert>
	<update id="updateMemRep">
		update member set report = report+1 where memid=#{memId}
	</update>
	
	<select id="getAllMem" resultType="memberVO">
		select memid, email, nick, tel, mempoint, report from member where admin != 'admin'
	</select>
	
	<select id="getAllChatRep" resultType="chatRepVO">
		select c.*, repcontent from chatreport c, repcontent r where r.repid = c.repid
	</select>
	
	<delete id="delRepChat">
		delete from chatreport where chatreportid=#{chatReportId}
	</delete>
	
	<select id="getAllRevRep" resultType="revRepVO">
		select revrepid, rr.revid, revcontent, revreceiver as reporter, revwriter as reported, repcontent 
		from revreport rr, rev r, repcontent rc
		where r.revid = rr.revid and rr.repid=rc.repid
	</select>
	
	<delete id="delrevRep">
		delete from revreport where revrepid=#{revRepId}
	</delete>
	
	<select id="getQnaDepth" resultType="_int">
		select depth from qna where qnaid=#{qnaId}
	</select>
	
	<update id="adDelQna">
		update qna set qnacontent = '[관리자로 인해 삭제된 글입니다]' where qnaid=#{qnaId}
	</update>
	
	<delete id="delQnaRep">
		delete from qnareport where qnaId=#{qnaId}
	</delete>
	
	<select id="findChatRep" resultType="chatRepVO">
		select * from chatreport where chatreportid=#{chatReportId}
	</select>
</mapper>
