<?xml version="1.0" encoding="UTF-8"?>
<!DOCTYPE configuration PUBLIC "-//mybatis.org//DTD Config 3.0//EN" "http://mybatis.org/dtd/mybatis-3-config.dtd">

<configuration>
	<typeAliases>
		<typeAlias alias="memberVO" type="com.three.cucumber.vo.MemberVO"/>
		<typeAlias alias="postVO" type="com.three.cucumber.vo.PostVO"/>
		<typeAlias alias="cateVO" type="com.three.cucumber.vo.CateVO"/>
		<typeAlias alias="chatVO" type="com.three.cucumber.vo.ChatVO"/>
		<typeAlias alias="msgVO" type="com.three.cucumber.vo.MsgVO"/>
		<typeAlias alias="revVO" type="com.three.cucumber.vo.RevVO"/>
		<typeAlias alias="chatRepVO" type="com.three.cucumber.vo.ChatReportVO"/>
		<typeAlias alias="qnaVO" type="com.three.cucumber.vo.QnaVO"/>
		<typeAlias alias="likeyVO" type="com.three.cucumber.vo.LikeyVO"/>
		<typeAlias alias="reportPostVO" type="com.three.cucumber.vo.ReportPostVO"/>
		<typeAlias alias="reportQnaVO" type="com.three.cucumber.vo.ReportQnaVO"/>
		<typeAlias alias="revVO" type="com.three.cucumber.vo.RevVO"/>
		<typeAlias alias="buyVO" type="com.three.cucumber.vo.BuyVO"/>
		<typeAlias alias="revRepVO" type="com.three.cucumber.vo.RevReportVO"/>
		<typeAlias alias="meetVO" type="com.three.cucumber.vo.MeetVO"/>
		<typeAlias alias="alarmVO" type="com.three.cucumber.vo.AlarmVO"/>
		<typeAlias alias="repConVO" type="com.three.cucumber.vo.RepContentVO"/>
		<typeAlias alias="blockVO" type="com.three.cucumber.vo.BlockVO"/>
		<typeAlias alias="graphVO" type="com.three.cucumber.vo.GraphVO"/>
	</typeAliases>
</configuration>